,name,country_id,probability
0,nathaniel,GH,0.3306489516462087
1,nathaniel,US,0.21465914776725203
2,nathaniel,PH,0.1657076043373859
